{"confidence":0.95,"meanConfidenceIntervalWithKnownVariance":true,"meanConfidenceIntervalWithUnknownVariance":true,"params":{"mean":3,"variance":4},"values":[2.704227800146469,1.6845260733406713,4.771362525259133,-0.6154980466661576,4.294545615904883,1.3071115798274626,1.3452605441328602,2.2160457493694423,0.2634068882379742,3.118191520608095,5.0250895268415885,2.9047402697802536,3.1484967579307677,3.361984311838563,3.712624387206408,0.7232744871203768,3.376970787797327,3.6048795010613564,4.813967875479589,4.808058232887206,-0.038481493285877244,2.7462643055579194,2.2689517493121194,1.2957851776081462,3.93100343988538,2.49014640627683,-0.005174238954269337,4.953259803547882,0.2612905879905765,3.9188047622933366,3.5661606981274323,2.4363769775048176,3.8905744810181337,1.0585617966783265,2.25149121079375,2.6410868894582316,1.6401332535541373,6.156387013860337,2.768940384561201,4.936327204519394,8.011582480253757,6.71263731528882,1.0365873014763058,3.3434849244037035,9.065377745759701,3.0304389181747107,0.7088702199550159,4.199607487354649,3.186245916356031,-0.6195645201856654,7.034392721510633,5.432372615664301,5.741362837083395,3.5613941623870033,5.009582590799745,3.3100577862778042,6.844402718856965,4.023639859149936,0.25348938788854347,0.013242423183979347,1.7686522864080205,1.8879116660641644,3.330876059020639,3.19035235667538,4.039405782090071,4.319976341032135,5.069878817515926,-0.6910482794052308,3.895544940780024,2.595543614099961,3.9940607265801327,1.6228731742774292,2.4072721367114194,4.177394279827338,2.134813861611571,3.436176741144281,0.8224623784285002,4.109148091970237,4.652054871987456,0.32169589665579,1.25462333173593,2.2747340161647767,4.471037594979226,3.9645708246800635,2.1328082748231765,5.762162372912794,1.7406541972136265,1.19500749637939,-1.5378846961633559,3.0445580990866254,2.1766891289923085,-0.3223554279385268,1.6122782351981573,3.032810755766018,1.0308662903548689,3.711592234452979,3.63798226922623,4.458168100595751,2.5699378759026743,5.513705713152026],"varianceConfidenceInterval":true}